<?xml version="1.0" encoding="utf-8"?>
<extension type="plugin" version="3.1" method="upgrade" group="hikashoppayment">
        <name>HikaShop MOLPay Payment Plugin</name>
        <creationDate>03 May 2017</creationDate>
        <version>1.5</version>
        <author>MOLPay</author>
        <authorEmail>support@molpay.com</authorEmail>
        <authorUrl>http://www.hikashop.com</authorUrl>
        <copyright>(C) 2010-2017 MOLPay. All rights reserved.</copyright>
        <license>http://www.gnu.org/licenses/gpl-2.0.html GNU/GPL</license>
        <description>This plugin enables you to setup your MOLPay payment system</description>
        <files>
                <filename plugin="molpay">molpay.php</filename>
                <filename>molpay_configuration.php</filename>
                <filename>molpay_end.php</filename>
        </files>
        <params addpath="/components/com_hikashop/params">
                <param name="pluginoptions" type="pluginoptions" default="plugin" label="hikashop" description="HikaShop options" />
        </params>
        <config>
                <fields name="params" addfieldpath="/components/com_hikashop/fields">
                        <fieldset name="basic">
                                <field id="pluginoptions" name="pluginoptions" type="pluginoptions" label="hikashop" description="HikaShop options" />
                        </fieldset>
                </fields>
        </config>
</extension>
